u_id,class_id,xmin,ymin,xmax,ymax,iou,confidence
1,1,213,135,255,171,0.8563086696759568,0.9391515254974364
28,1,144,129,174,158,0.0,
31,1,212,134,219,144,0.0,
48,1,129,134,167,166,0.8953244958136138,0.9167631268501282
50,1,254,137,265,150,0.7698468671806731,0.6609877943992615
51,1,325,131,354,150,0.0,
60,1,113,135,148,161,0.0,
70,1,17,137,62,173,0.75990239342673,0.4783568680286407
