u_id,class_id,xmin,ymin,xmax,ymax,iou,confidence
1,1,217,139,256,172,0.9477430476328186,0.9445146322250366
6,1,187,142,199,154,0.649293870374838,0.6582470536231995
