u_id,class_id,xmin,ymin,xmax,ymax,iou,confidence
1,1,228,133,268,167,0.9194784525922391,0.946982741355896
6,1,171,135,184,147,0.0,
13,1,213,140,224,150,0.0,
14,1,340,148,380,176,0.0,
15,1,159,141,181,153,0.0,
17,1,384,131,468,196,0.0,
19,1,257,131,271,146,0.0,
24,1,143,137,172,157,0.49269123678794624,0.6951860189437866
25,1,205,138,217,151,0.8546121059345463,0.786772608757019
