u_id,class_id,xmin,ymin,xmax,ymax,iou,confidence
1,1,228,133,270,169,0.9307925173686927,0.9434730410575868
13,1,213,140,224,150,0.0,
14,1,346,151,384,177,0.0,
15,1,157,140,179,152,0.0,
17,1,388,132,476,201,0.0,
19,1,256,129,272,145,0.0,
24,1,146,138,172,156,0.6153846153846154,0.7825749516487122
25,1,200,138,212,152,0.7933495998920905,0.814866840839386
26,1,103,136,141,162,0.8216045818799693,0.7746664881706238
28,1,180,136,199,155,0.8127319319280039,0.9082579016685486
