u_id,class_id,xmin,ymin,xmax,ymax,iou,confidence
1,1,219,139,257,170,0.9303404285588455,0.9427899718284608
6,1,186,141,198,153,0.7445914163578189,0.503797709941864
