u_id,class_id,xmin,ymin,xmax,ymax,iou,confidence
1,1,215,136,256,171,0.8908064651652938,0.9433969259262084
28,1,139,128,170,159,0.0,
31,1,212,133,219,143,0.0,
48,1,124,132,164,166,0.0,
50,1,258,136,268,149,0.6079482113076169,0.7174346446990967
51,1,327,129,356,149,0.0,
60,1,124,138,152,159,0.0,
70,1,12,140,58,176,0.0,
83,1,265,137,283,153,0.7432629954936961,0.8641743659973145
