u_id,class_id,xmin,ymin,xmax,ymax,iou,confidence
1,3,214,141,256,176,0.9514414350512691,0.9451402425765992
