u_id,class_id,xmin,ymin,xmax,ymax,iou,confidence
1,3,211,131,258,170,0.7020021016705867,0.9412946105003356
24,3,144,137,173,157,0.0,
25,3,196,136,206,147,0.0,
26,3,53,131,104,165,0.0,
28,3,144,131,171,158,0.0,
31,3,210,133,217,143,0.0,
33,3,221,132,231,144,0.0,
48,3,134,140,166,167,0.0,
50,3,253,141,263,154,0.0,
51,3,322,135,349,152,0.0,
