u_id,class_id,xmin,ymin,xmax,ymax,iou,confidence
1,1,214,142,262,183,0.8230379738756248,0.9423394799232484
19,1,254,123,273,142,0.0,
24,1,145,137,173,157,0.0,
25,1,198,137,209,148,0.0,
26,1,71,133,117,163,0.0,
28,1,156,133,180,157,0.0,
31,1,210,135,217,145,0.0,
33,1,221,134,230,145,0.0,
