u_id,class_id,xmin,ymin,xmax,ymax,iou,confidence
1,1,223,136,259,167,0.9423058124104814,0.9325011372566224
6,1,181,140,194,152,0.6206987672742843,0.7125878930091858
