u_id,class_id,xmin,ymin,xmax,ymax,iou,confidence
1,1,226,137,262,167,0.9249745360801247,0.938297152519226
6,1,175,137,188,149,0.0,
13,1,214,141,225,151,0.7056376274071611,0.7139183282852173
14,1,328,142,372,173,0.0,
15,1,162,142,186,155,0.4926111222392811,0.736257791519165
17,1,375,130,451,188,0.7041136759164779,0.8678892254829407
