u_id,class_id,xmin,ymin,xmax,ymax,iou,confidence
1,1,218,138,265,178,0.678720498404146,0.9276163578033448
13,1,212,139,223,149,0.0,
15,1,153,139,174,151,0.0,
17,1,396,134,494,209,0.0,
19,1,255,125,272,143,0.0,
24,1,145,138,172,156,0.0,
25,1,200,137,210,149,0.0,
26,1,80,133,123,162,0.0,
28,1,162,133,185,156,0.0,
31,1,211,136,218,146,0.0,
33,1,221,135,230,145,0.0,
