u_id,class_id,xmin,ymin,xmax,ymax,iou,confidence
1,1,225,139,260,168,0.8354097212978027,0.930393934249878
6,1,179,139,192,151,0.0,
