u_id,class_id,xmin,ymin,xmax,ymax,iou,confidence
1,1,220,136,257,168,0.8913433694904778,0.931142270565033
28,1,130,126,163,160,0.0,
31,1,212,133,219,143,0.0,
48,1,113,128,158,166,0.0,
50,1,261,137,269,147,0.6460834880163058,0.3046797513961792
60,1,146,143,161,154,0.0,
70,1,3,146,51,184,0.0,
83,1,276,138,297,156,0.8041427525179634,0.8431412577629089
87,1,217,138,223,147,0.595064999617004,0.5069605112075806
94,1,162,140,176,152,0.8632571740429225,0.3611089587211609
