u_id,class_id,xmin,ymin,xmax,ymax,iou,confidence
1,1,212,141,259,182,0.934094447327452,0.940161406993866
24,1,144,137,173,157,0.0,
25,1,197,137,207,148,0.0,
26,1,62,132,110,164,0.0,
28,1,150,132,176,157,0.0,
31,1,210,134,217,144,0.0,
33,1,221,133,231,144,0.0,
48,1,141,141,171,167,0.7745993879248755,0.9109777212142944
50,1,253,142,263,155,0.7186590798180307,0.687303900718689
51,1,321,137,346,153,0.7700910666212357,0.7088652849197388
