u_id,class_id,xmin,ymin,xmax,ymax,iou,confidence
1,1,227,134,265,167,0.9220588235294118,0.9516249895095824
6,1,173,136,186,148,0.0,
13,1,214,140,225,151,0.0,
14,1,334,145,376,174,0.0,
15,1,161,141,184,154,0.0,
17,1,379,130,459,192,0.0,
19,1,257,133,271,147,0.7789274490105165,0.3446913361549377
