u_id,class_id,xmin,ymin,xmax,ymax,iou,confidence
1,1,226,138,261,168,0.8841558507009016,0.9334046244621276
6,1,177,138,190,150,0.0,
13,1,212,142,224,153,0.8759713849048901,0.7486761808395386
14,1,322,139,368,171,0.4593491187478428,0.7467270493507385
