u_id,class_id,xmin,ymin,xmax,ymax,iou,confidence
1,1,211,132,256,170,0.9448427775179977,0.937468409538269
25,1,194,136,204,147,0.0,
26,1,44,130,97,166,0.0,
28,1,149,130,177,158,0.9009605036683207,0.9232472777366638
31,1,212,134,219,144,0.7798818442208051,0.5998732447624207
33,1,222,131,232,143,0.0,
48,1,127,138,162,168,0.0,
50,1,252,139,264,153,0.0,
51,1,324,133,351,151,0.0,
60,1,101,132,144,163,0.7291508000041745,0.921805500984192
