u_id,class_id,xmin,ymin,xmax,ymax,iou,confidence
1,1,217,135,257,168,0.9401743310318719,0.9403564929962158
28,1,134,127,167,159,0.0,
31,1,212,133,219,143,0.0,
48,1,119,130,161,166,0.0,
50,1,259,135,269,147,0.6472856526084823,0.3728097081184387
51,1,328,128,359,147,0.0,
60,1,135,141,156,156,0.0,
70,1,8,143,54,180,0.0,
83,1,272,136,291,153,0.7679027343927163,0.8752577900886536
87,1,217,136,223,145,0.6859755721653997,0.5187551379203796
