u_id,class_id,xmin,ymin,xmax,ymax,iou,confidence
1,1,223.0,134.0,261.0,166.0,0.7458038017116373,0.9516249895095824
24,1,195.0,139.0,208.0,153.0,0.7109375,0.8566427230834961
28,1,438.0476989746094,127.36239624023438,479.0476989746094,149.36239624023438,0.0,0.8285439610481262
26,1,210.0,139.0,221.0,149.0,0.6057457635965992,0.7036824822425842
21,3,169.0,141.0,181.0,154.0,0.4406779661016949,0.6993817090988159
29,1,155.71571350097656,139.09286499023438,167.71571350097656,155.09286499023438,0.0,0.6960197687149048
25,1,132.0,139.0,156.0,155.0,0.64,0.6041879057884216
22,1,260.0,137.0,269.0,148.0,0.4553322807234663,0.3446913361549377
30,1,474.2141723632813,127.19332122802734,479.2141723632813,148.19332122802734,0.0,0.2720266580581665
