u_id,class_id,xmin,ymin,xmax,ymax,iou,confidence
1,1,223.0,140.0,257.0,170.0,0.8048331268569094,0.930393934249878
14,1,368.7648315429688,130.61636352539062,423.7648315429688,172.61636352539062,0.0,0.8433843851089478
15,1,337.977783203125,131.7841339111328,372.977783203125,173.7841339111328,0.0,0.7471563220024109
13,1,214.0,143.0,226.0,154.0,0.7141291484417214,0.5893741250038147
3,1,172.0,146.0,191.0,158.0,0.6263736263736264,0.5285670757293701
16,1,312.21002197265625,139.1593780517578,328.21002197265625,167.1593780517578,0.0,0.4701816141605377
12,1,310.0,129.0,360.0,163.0,0.46364365345657405,0.4004591405391693
