u_id,class_id,xmin,ymin,xmax,ymax,iou,confidence
1,1,221.0,136.0,257.0,167.0,0.8417337572022996,0.9325011372566224
12,1,304.74249267578125,129.8417205810547,352.74249267578125,162.8417205810547,0.0,0.8351916074752808
3,1,183.0,143.0,198.0,154.0,0.5178044766777825,0.7125878930091858
13,1,216.8544158935547,140.2030792236328,227.8544158935547,150.2030792236328,0.0,0.3950633108615875
