u_id,class_id,xmin,ymin,xmax,ymax,iou,confidence
1,1,218.0,139.0,256.0,173.0,0.8248432623041351,0.9427899718284608
3,1,187.0,144.0,204.0,156.0,0.4648214708077665,0.503797709941864
9,3,262.2777404785156,141.51658630371094,267.2777404785156,152.51658630371094,0.0,0.3694505393505096
10,1,289.7411499023437,140.95069885253906,314.7411499023437,157.95069885253906,0.0,0.3425824642181396
11,1,288.532958984375,142.10877990722656,302.532958984375,156.10877990722656,0.0,0.2834056615829468
