u_id,class_id,xmin,ymin,xmax,ymax,iou,confidence
1,1,214.0,143.0,257.0,179.0,0.9207872676841495,0.9507603645324708
3,1,191.0,148.0,204.0,157.0,0.7122302158273381,0.6991465091705322
6,1,295.7406005859375,144.74415588378906,334.7406005859375,168.74415588378906,0.0,0.589117705821991
5,1,293.0,143.0,320.0,161.0,0.6245911017678231,0.330858439207077
