u_id,class_id,xmin,ymin,xmax,ymax,iou,confidence
1,1,217,139,257,173,0.8977941176470589,0.9445146322250366
3,1,188,143,204,155,0.528835311219277,0.6582470536231995
