u_id,class_id,xmin,ymin,xmax,ymax,iou,confidence
1,1,212.83078002929688,138.01287841796875,259.8307800292969,177.01287841796875,0,0.9463980793952942
2,4,110.09017181396484,117.35992431640624,173.09017181396484,167.35992431640625,0,0.8503544330596924
3,1,195.46261596679688,144.93441772460938,208.46261596679688,153.93441772460938,0,0.5201820731163025
4,3,348.4096984863281,136.4119415283203,355.4096984863281,154.4119415283203,0,0.4001576900482178
5,1,285.8820495605469,139.64443969726562,311.8820495605469,156.64443969726562,0,0.3475475311279297
