u_id,class_id,xmin,ymin,xmax,ymax,iou,confidence
1,1,214.0,142.0,257.0,178.0,0.8995682879906296,0.9451402425765992
3,1,189.0,146.0,200.0,157.0,0.6302083333333334,0.6569709181785583
7,1,329.78466796875,146.48648071289062,362.78466796875,171.48648071289062,0.0,0.5372470021247864
5,1,299.0,143.0,329.0,159.0,0.7086636737033145,0.3780592679977417
8,3,422.6003723144531,140.38528442382812,436.6003723144531,164.38528442382812,0.0,0.297695904970169
